info,people,score,title,words
1994 / 美国 / 犯罪 剧情,1230911人评价,9.6,肖申克的救赎 / The Shawshank Redemption / 月黑高飞(港)  /  刺激1995(台)[可播放],希望让人自由。
1993 / 中国大陆 香港 / 剧情 爱情 同性,906176人评价,9.6,霸王别姬 / 再见，我的妾  /  Farewell My Concubine[可播放],风华绝代。
1994 / 法国 / 剧情 动作 犯罪,1131847人评价,9.4,这个杀手不太冷 / Léon / 杀手莱昂  /  终极追杀令(台)[可播放],怪蜀黍和小萝莉不得不说的故事。
1994 / 美国 / 剧情 爱情,970514人评价,9.4,阿甘正传 / Forrest Gump / 福雷斯特·冈普[可播放],一部美国近现代史。
1997 / 意大利 / 剧情 喜剧 爱情 战争,567066人评价,9.5,美丽人生 / La vita è bella / 一个快乐的传说(港)  /  Life Is Beautiful[可播放],最美的谎言。
1997 / 美国 / 剧情 爱情 灾难,906244人评价,9.3,泰坦尼克号 / Titanic / 铁达尼号(港 / 台)[可播放],失去的才是永恒的。 
2001 / 日本 / 剧情 动画 奇幻,899093人评价,9.3,千与千寻 / 千と千尋の神隠し / 神隐少女(台)  /  Spirited Away,最好的宫崎骏，最好的久石让。 
1993 / 美国 / 剧情 历史 战争,509423人评价,9.5,辛德勒的名单 / Schindler's List / 舒特拉的名单(港)  /  辛德勒名单[可播放],拯救一个人，就是拯救整个世界。
2010 / 美国 英国 / 剧情 科幻 悬疑 冒险,985574人评价,9.3,盗梦空间 / Inception / 潜行凶间(港)  /  全面启动(台)[可播放],诺兰给了我们一场无法盗取的梦。
2008 / 美国 / 爱情 科幻 动画 冒险,654040人评价,9.3,机器人总动员 / WALL·E / 瓦力(台)  /  太空奇兵·威E(港)[可播放],小瓦力，大人生。
2009 / 美国 英国 / 剧情,640179人评价,9.3,忠犬八公的故事 / Hachi: A Dog's Tale / 忠犬小八(台)  /  秋田犬八千(港)[可播放],永远都不能忘记你所爱的人。
2009 / 印度 / 剧情 喜剧 爱情 歌舞,882556人评价,9.2,三傻大闹宝莱坞 / 3 Idiots / 三个傻瓜(台)  /  作死不离3兄弟(港),英俊版憨豆，高情商版谢耳朵。
1998 / 意大利 / 剧情 音乐,735807人评价,9.2,海上钢琴师 / La leggenda del pianista sull'oceano / 声光伴我飞(港)  /  一九零零的传奇[可播放],每个人都要走一条自己坚定了的路，就算是粉身碎骨。 
2004 / 法国 瑞士 德国 / 剧情 音乐,607600人评价,9.2,放牛班的春天 / Les choristes / 歌声伴我心(港)  /  唱诗班男孩[可播放],天籁一般的童声，是最接近上帝的存在。 
1995 / 香港 中国大陆 / 喜剧 爱情 奇幻 冒险,673683人评价,9.2,大话西游之大圣娶亲 / 西遊記大結局之仙履奇緣 / 西游记完结篇仙履奇缘  /  齐天大圣西游记[可播放],一生所爱。
1998 / 美国 / 剧情 科幻,653519人评价,9.2,楚门的世界 / The Truman Show / 真人Show(港)  /  真人戏[可播放],如果再也不能见到你，祝你早安，午安，晚安。
2014 / 美国 英国 加拿大 冰岛 / 剧情 科幻 冒险,667426人评价,9.2,星际穿越 / Interstellar / 星际启示录(港)  /  星际效应(台)[可播放],爱是一种力量，让我们超越时空感知它的存在。
1972 / 美国 / 剧情 犯罪,446830人评价,9.2,教父 / The Godfather / Mario Puzo's The Godfather[可播放],千万不要记恨你的对手，这样会让你失去理智。
1988 / 日本 / 动画 奇幻 冒险,566719人评价,9.1,龙猫 / となりのトトロ / 邻居托托罗  /  邻家的豆豆龙,人人心中都有个龙猫，童年就永远不会消失。
2011 / 韩国 / 剧情,380506人评价,9.3,熔炉 / 도가니 / 无声呐喊(港)  /  漩涡,我们一路奋战不是为了改变世界，而是为了不让世界改变我们。
2002 / 香港 / 剧情 犯罪 悬疑,552524人评价,9.1,无间道 / 無間道 / Infernal Affairs  /  Mou gaan dou[可播放],香港电影史上永不过时的杰作。
2006 / 美国 / 剧情 传记 家庭,713649人评价,9.0,当幸福来敲门 / The Pursuit of Happyness / 寻找快乐的故事(港)  /  追求快乐[可播放],平民励志片。 
2011 / 法国 / 剧情 喜剧,473892人评价,9.2,触不可及 / Intouchables / 闪亮人生(港)  /  逆转人生(台),满满温情的高雅喜剧。
2010 / 美国 / 剧情 喜剧 爱情,770016人评价,9.0,怦然心动 / Flipped / 萌动青春  /  青春萌动[可播放],真正的幸福是来自内心深处。
2016 / 美国 / 喜剧 动画 冒险,734727人评价,9.2,疯狂动物城 / Zootopia / 优兽大都会(港)  /  动物方城市(台)[可播放],迪士尼给我们营造的乌托邦就是这样，永远善良勇敢，永远出乎意料。
1939 / 美国 / 剧情 历史 爱情 战争,338233人评价,9.2,乱世佳人 / Gone with the Wind / 飘[可播放],Tomorrow is another day.
2008 / 美国 英国 / 剧情 动作 科幻 犯罪 惊悚,443762人评价,9.1,蝙蝠侠：黑暗骑士 / The Dark Knight / 蝙蝠侠前传2：黑暗骑士  /  黑暗骑士(台)[可播放],无尽的黑暗。
1994 / 中国大陆 香港 / 剧情 历史 家庭,366384人评价,9.1,活着 / 人生  /  Lifetimes[可播放],张艺谋最好的电影。
1988 / 意大利 法国 / 剧情 爱情,370481人评价,9.1,天堂电影院 / Nuovo Cinema Paradiso / 星光伴我心(港)  /  新天堂乐园(台),那些吻戏，那些青春，都在影院的黑暗里被泪水冲刷得无比清晰。
2012 / 美国 台湾 英国 加拿大 / 剧情 奇幻 冒险,729894人评价,9.0,少年派的奇幻漂流 / Life of Pi / 少年Pi的奇幻漂流  /  漂流少年Pi[可播放],瑰丽壮观、无人能及的冒险之旅。
1957 / 美国 / 剧情,217635人评价,9.4,十二怒汉 / 12 Angry Men / 12怒汉  /  十二怒汉[可播放],1957年的理想主义。 
2000 / 中国大陆 / 剧情 历史 战争,302899人评价,9.2,鬼子来了 / Devils on the Doorstep,对敌人的仁慈，就是对自己残忍。
2003 / 美国 新西兰 / 剧情 动作 奇幻 冒险,362620人评价,9.1,指环王3：王者无敌 / The Lord of the Rings: The Return of the King / 魔戒三部曲：王者再临(台 / 港) [可播放],史诗的终章。
1957 / 美国 / 剧情 犯罪 悬疑,148435人评价,9.6,控方证人 / Witness for the Prosecution / 雄才伟略  /  情妇,比利·怀德满分作品。
1986 / 日本 / 动画 奇幻 冒险,422282人评价,9.0,天空之城 / 天空の城ラピュタ / Tenkû no shiro Rapyuta  /  Laputa: Castle in the Sky,对天空的追逐，永不停止。 
1999 / 美国 德国 / 剧情 动作 悬疑 惊悚,477327人评价,9.0,搏击俱乐部 / Fight Club / 搏击会(港)  /  斗阵俱乐部(台),邪恶与平庸蛰伏于同一个母体，在特定的时间互相对峙。
2009 / 美国 / 剧情 喜剧 动画 冒险,644249人评价,8.9,飞屋环游记 / Up / 冲天救兵(港)  /  天外奇迹(台)[可播放],最后那些最无聊的事情，才是最值得怀念的。 
1995 / 香港 中国大陆 / 喜剧 爱情 奇幻 冒险,542754人评价,8.9,大话西游之月光宝盒 / 西遊記第壹佰零壹回之月光寶盒 / 西游记101回月光宝盒  /  齐天大圣东游记[可播放],旷古烁今。
1953 / 美国 / 喜剧 剧情 爱情,487396人评价,9.0,罗马假日 / Roman Holiday / 金枝玉叶(港)  /  罗马假期(台)[可播放],爱情哪怕只有一天。
2016 / 印度 / 剧情 传记 运动 家庭,659299人评价,9.1,摔跤吧！爸爸 / Dangal / 我和我的冠军女儿(台)  /  打死不离3父女(港)[可播放],你不是在为你一个人战斗，你要让千千万万的女性看到女生并不是只能相夫教子。
2006 / 德国 / 剧情 悬疑,288886人评价,9.1,窃听风暴 / Das Leben der Anderen / 他人的生活  /  别人的生活[可播放],别样人生。
2004 / 日本 / 动画 奇幻 冒险,458723人评价,8.9,哈尔的移动城堡 / ハウルの動く城 / 呼啸山城  /  霍尔的移动城堡,带着心爱的人在天空飞翔。
2013 / 韩国 / 剧情,286666人评价,9.2,辩护人 / 변호인 / 逆权大状(港)  /  正义辩护人(台)[可播放],电影的现实意义大过电影本身。
1992 / 美国 / 剧情,413827人评价,9.0,闻香识女人 / Scent of a Woman / 女人香  /  女人的芳香[可播放],史上最美的探戈。
1998 / 英国 / 剧情 喜剧 犯罪,326975人评价,9.1,"两杆大烟枪 / Lock, Stock and Two Smoking Barrels / 够姜四小强(港)  /  两根枪管(台)",4个臭皮匠顶个诸葛亮，盖·里奇果然不是盖的。
1975 / 美国 / 剧情,331302人评价,9.0,飞越疯人院 / One Flew Over the Cuckoo's Nest / 飞越杜鹃窝(台)  /  飞越喜鹊巢,自由万岁。
1989 / 美国 / 剧情,354603人评价,9.0,死亡诗社 / Dead Poets Society / 暴雨骄阳(港)  /  春风化雨(台)[可播放],当一个死水般的体制内出现一个活跃的变数时，所有的腐臭都站在了光明的对面。
2005 / 美国 英国 德国 / 剧情 动作 科幻 惊悚,536993人评价,8.8,V字仇杀队 / V for Vendetta / V煞(港)  /  V怪客(台)[可播放],一张面具背后的理想与革命。
2009 / 美国 / 纪录片,217928人评价,9.3,海豚湾 / The Cove / 血色海湾(台)  /  海湾[可播放],海豚的微笑，是世界上最高明的伪装。
1974 / 美国 / 剧情 犯罪,241653人评价,9.1,教父2 / The Godfather: Part Ⅱ / 教父续集  /  教父II[可播放],优雅的孤独。
2002 / 美国 新西兰 / 剧情 动作 奇幻 冒险,340137人评价,9.0,指环王2：双塔奇兵 / The Lord of the Rings: The Two Towers / 魔戒二部曲：双城奇谋  /  指环王II：双塔[可播放],承前启后的史诗篇章。
2001 / 新西兰 美国 / 剧情 动作 奇幻 冒险,380826人评价,8.9,指环王1：魔戒再现 / The Lord of the Rings: The Fellowship of the Ring / 魔戒首部曲：魔戒现身  /  指环王I：护戒使者[可播放],传说的开始。
2001 / 美国 / 传记 剧情,378040人评价,8.9,美丽心灵 / A Beautiful Mind / 有你终生美丽(港)  /  美丽境界(台)[可播放],爱是一切逻辑和原由。
1994 / 台湾 美国 / 剧情 家庭,261798人评价,9.1,饮食男女 / 飲食男女 / Eat Drink Man Woman,人生不能像做菜，把所有的料都准备好了才下锅。
1995 / 日本 / 剧情 爱情,467903人评价,8.8,情书 / Love Letter / When I Close My Eyes  /  Letters of Love[可播放],暗恋的极致。
2013 / 韩国 / 剧情,248154人评价,9.1,素媛 / 소원 / 许愿  /  希望：为爱重生(台),受过伤害的人总是笑得最开心，因为他们不愿意让身边的人承受一样的痛苦。
1994 / 美国 / 剧情 动画 冒险 歌舞 家庭,359250人评价,8.9,狮子王 / The Lion King / 狮子王3D[可播放],动物版《哈姆雷特》。
2002 / 法国 德国 英国 波兰 / 剧情 传记 历史 战争 音乐,249471人评价,9.1,钢琴家 / The Pianist / 战地琴声(台)  /  战地琴人[可播放],音乐能化解仇恨。
1987 / 英国 意大利 中国大陆 法国 美国 / 剧情 传记 历史,253896人评价,9.1,末代皇帝 / The Last Emperor / 末代皇帝溥仪(港)[可播放],“不要跟我比惨，我比你更惨”再适合这部电影不过了。
1984 / 意大利 美国 / 犯罪 剧情,214704人评价,9.1,美国往事 / Once Upon a Time in America / 四海兄弟(台)  /  义薄云天(港),往事如烟，无处祭奠。
1997 / 伊朗 / 剧情 家庭 儿童,180927人评价,9.2,小鞋子 / بچههای آسمان / 天堂的孩子  /  小童鞋[可播放],奔跑的孩子是天使。
1995 / 美国 / 剧情 犯罪 悬疑 惊悚,520321人评价,8.8,七宗罪 / Se7en / 火线追缉令(台)  /  7宗罪[可播放],警察抓小偷，老鼠玩死猫。
2006 / 日本 / 剧情 歌舞,375641人评价,8.9,被嫌弃的松子的一生 / 嫌われ松子の一生 / 花样奇缘(港)  /  令人讨厌的松子的一生(台)[可播放],以戏谑来戏谑戏谑。
2008 / 美国 / 剧情 爱情 奇幻,485443人评价,8.8,本杰明·巴顿奇事 / The Curious Case of Benjamin Button / 奇幻逆缘(港)  /  班杰明的奇幻旅程(台)[可播放],在时间之河里感受溺水之苦。
2006 / 美国 英国 / 剧情 悬疑 惊悚,425506人评价,8.8,致命魔术 / The Prestige / 顶尖对决(台)  /  死亡魔法(港)[可播放],孪生蝙蝠侠大战克隆金刚狼。
2000 / 意大利 美国 / 剧情 战争 情色,452754人评价,8.8,西西里的美丽传说 / Malèna / 真爱伴我行(台)  /  玛莲娜[可播放],美丽无罪。
1999 / 美国 澳大利亚 / 动作 科幻,358062人评价,8.9,黑客帝国 / The Matrix / 廿二世纪杀人网络(港)  /  骇客任务(台)[可播放],视觉革命。
2010 / 中国大陆 香港 / 剧情 喜剧 动作 西部,792553人评价,8.7,让子弹飞 / 让子弹飞一会儿  /  火烧云[可播放],你给我翻译翻译，神马叫做TMD的惊喜。
1998 / 美国 / 剧情 历史 战争,306135人评价,8.9,拯救大兵瑞恩 / Saving Private Ryan / 雷霆救兵(港)  /  抢救雷恩大兵(台)[可播放],美利坚精神输出大片No1.
2016 / 西班牙 / 剧情 犯罪 悬疑 惊悚,483516人评价,8.7,看不见的客人 / Contratiempo / 佈局(台)  /  死无对证(港)[可播放],你以为你以为的就是你以为的。
2001 / 法国 德国 / 喜剧 爱情,578493人评价,8.7,天使爱美丽 / Le fabuleux destin d'Amélie Poulain / 艾蜜莉的异想世界(台)  /  天使艾米莉[可播放],法式小清新。 
1965 / 美国 / 剧情 传记 爱情 歌舞,285157人评价,8.9,音乐之声 / The Sound of Music / 仙乐飘飘处处闻(港)  /  真善美(台)[可播放],用音乐化解仇恨，让歌声串起美好。
1994 / 美国 / 剧情 喜剧 犯罪,417484人评价,8.8,低俗小说 / Pulp Fiction / 黑色追緝令(台)  /  危险人物(港)[可播放],故事的高级讲法。
1995 / 美国 / 动作 传记 剧情 历史 战争,346829人评价,8.8,勇敢的心 / Braveheart / 惊世未了缘(港)  /  梅尔吉勃逊之英雄本色(台)[可播放],史诗大片的典范。
1961(中国大陆) / 1964(中国大陆) / 1978(中国大陆) / 2004(中国大陆) / 中国大陆 / 动画 奇幻,140372人评价,9.3,大闹天宫 / 大闹天宫 上下集  /  The Monkey King[可播放],经典之作，历久弥新。
1990 / 美国 / 剧情 奇幻 爱情,588666人评价,8.7,剪刀手爱德华 / Edward Scissorhands / 幻海奇缘(港)  /  剪刀手爱德华[可播放],浪漫忧郁的成人童话。
1991 / 美国 / 剧情 犯罪 惊悚,425869人评价,8.8,沉默的羔羊 / The Silence of the Lambs / 沉默的羔羊,安东尼·霍普金斯的顶级表演。
2001 / 美国 英国 / 奇幻 冒险,360961人评价,8.8,哈利·波特与魔法石 / Harry Potter and the Sorcerer's Stone / 哈利波特1：神秘的魔法石(港 / 台) [可播放],童话世界的开端。
2004 / 美国 加拿大 / 剧情 悬疑 科幻 惊悚,468026人评价,8.7,蝴蝶效应 / The Butterfly Effect / 蝴蝶效应[可播放],人的命运被自己瞬间的抉择改变。
1997 / 香港 日本 韩国 / 剧情 爱情 同性,308375人评价,8.9,春光乍泄 / 春光乍洩 / 一起快乐  /  Happy Together,爱情纠缠，男女一致。
1997 / 美国 / 剧情,340084人评价,8.8,心灵捕手 / Good Will Hunting / 骄阳似我(港)  /  心灵捕手[可播放],人生中应该拥有这样的一段豁然开朗。
2008 / 日本 / 剧情,364867人评价,8.8,入殓师 / おくりびと / 礼仪师之奏鸣曲(港)  /  礼仪师(台),死可能是一道门，逝去并不是终结，而是超越，走向下一程。
2002 / 美国 加拿大 / 传记 犯罪 剧情,308976人评价,8.8,猫鼠游戏 / Catch Me If You Can / 逍遥法外  /  神鬼交锋(台)[可播放],骗子大师和执著警探的你追我跑故事。 
2014 / 美国 德国 英国 / 剧情 喜剧 冒险,409651人评价,8.8,布达佩斯大饭店 / The Grand Budapest Hotel / 布达佩斯大酒店(港)  /  欢迎来到布达佩斯大饭店(台)[可播放],小清新的故事里注入了大历史的情怀。
2010 / 美国 / 剧情 悬疑 惊悚,449772人评价,8.7,禁闭岛 / Shutter Island / 不赦岛(港)  /  隔离岛(台)[可播放],昔日翩翩少年，今日大腹便便。
2009 / 澳大利亚 / 剧情 动画,264536人评价,8.9,玛丽和马克思 / Mary and Max / 巧克力情缘(台)  /  同是天涯寂寞客[可播放],你是我最好的朋友，你是我唯一的朋友 。
1994 / 中国大陆 香港 / 剧情,332758人评价,8.8,阳光灿烂的日子 / In the Heat of the Sun,一场华丽的意淫。
1997 / 日本 / 动画 奇幻 冒险,285352人评价,8.8,幽灵公主 / もののけ姫 / 魔法公主  /  幽灵少女,人与自然的战争史诗。
1999 / 美国 / 剧情 悬疑 惊悚,284505人评价,8.8,第六感 / The Sixth Sense / 灵异第六感  /  鬼眼[可播放],深入内心的恐怖，出人意料的结局。
1994 / 香港 / 剧情 爱情,405580人评价,8.7,重庆森林 / 重慶森林 / Chungking Express,寂寞没有期限。
2012 / 丹麦 瑞典 / 剧情,168204人评价,9.1,狩猎 / Jagten / 谎言的烙印(台)  /  诬网(港)[可播放],人言可畏。
2008 / 英国 美国 / 剧情 战争,198559人评价,9.0,穿条纹睡衣的男孩 / The Boy in the Striped Pajamas / 穿条纹衣服的男孩  /  穿条纹衣的男孩[可播放],尽管有些不切实际的幻想，这部电影依旧是一部感人肺腑的佳作。
2003 / 美国 / 剧情 悬疑 惊悚,391555人评价,8.7,致命ID / Identity / 杀人游戏  /  致命身份[可播放],最不可能的那个人永远是最可能的。
2005 / 美国 加拿大 / 剧情 爱情 同性 家庭,389375人评价,8.7,断背山 / Brokeback Mountain / 断臂山  /  BBM[可播放],每个人心中都有一座断背山。
2003 / 美国 / 动作 冒险 奇幻,433630人评价,8.6,加勒比海盗 / Pirates of the Caribbean: The Curse of the Black Pearl / 加勒比海盗1：黑珍珠号的诅咒  /  神鬼奇航：鬼盗船魔咒(台)[可播放],约翰尼·德普的独角戏。
2009 / 美国 英国 / 动作 战争 科幻 冒险,649581人评价,8.6,阿凡达 / Avatar / 天神下凡(港)  /  化身[可播放],绝对意义上的美轮美奂。
1936 / 美国 / 喜剧 剧情 爱情,117834人评价,9.2,"摩登时代 / Modern Times / The Masses  /  Temps modernes, Les[可播放]",大时代中的人生，小人物的悲喜。
2003 / 美国 / 剧情 家庭 奇幻 冒险,303776人评价,8.7,大鱼 / Big Fish / 大鱼奇缘(港)  /  大智若鱼(台)[可播放],抱着梦想而活着的人是幸福的，怀抱梦想而死去的人是不朽的。
2010 / 日本 / 剧情 惊悚,411386人评价,8.7,告白 / 自白  /  母亲[可播放],没有一人完全善，也没有一人完全恶。
2000 / 台湾 日本 / 剧情 爱情 家庭,185564人评价,9.0,一一 / Yi yi  /  Yi yi: A One and a Two,我们都曾经是一一。
1993 / 香港 / 喜剧 古装,331357人评价,8.7,射雕英雄传之东成西就 / 射鵰英雄傳之東成西就 / 东成西就  /  大英雄 (日本),百看不厌。 
1996 / 香港 / 剧情 爱情,272149人评价,8.8,甜蜜蜜 / Comrades: Almost a Love Story,相逢只要一瞬间，等待却像是一辈子。
2011 / 韩国 / 剧情 喜剧,326508人评价,8.8,阳光姐妹淘 / 써니 / 阳光姊妹淘(港)  /  桑尼[可播放],再多各自牛逼的时光，也比不上一起傻逼的岁月。 
2014 / 美国 / 剧情 犯罪 悬疑 惊悚,442487人评价,8.7,消失的爱人 / Gone Girl / 失踪的女孩  /  失踪女孩[可播放],年度最佳date movie。
1995 / 美国 奥地利 瑞士 / 剧情 爱情,272208人评价,8.7,爱在黎明破晓前 / Before Sunrise / 情留半天(港)  /  爱在黎明破晓时(台)[可播放],缘分是个连绵词，最美不过一瞬。
2002 / 巴西 法国 / 犯罪 剧情,180589人评价,8.9,上帝之城 / Cidade de Deus / 无主之城 (港)  /  无法无天 (台),被上帝抛弃了的上帝之城。
2017 / 美国 / 喜剧 动画 奇幻 音乐,612810人评价,9.0,寻梦环游记 / Coco / 可可夜总会(台)  /  玩转极乐园(港)[可播放],死亡不是真的逝去，遗忘才是永恒的消亡。
1999 / 香港 / 喜剧 剧情 爱情,403109人评价,8.6,喜剧之王 / 喜劇之王 / King of Comedy,我是一个演员。
2014 / 日本 / 剧情,179064人评价,8.9,小森林 夏秋篇 / リトル・フォレスト 夏・秋 / 小森食光 / 夏秋篇(台) [可播放],那些静得只能听见呼吸的日子里，你明白孤独即生活。
1995 / 日本 / 剧情 爱情 动画,211765人评价,8.8,侧耳倾听 / 耳をすませば / 心之谷  /  梦幻街少女,少女情怀总是诗。
1987 / 香港 / 剧情 爱情 武侠 古装,327458人评价,8.6,倩女幽魂 / 倩女幽魂(87版)  /  A Chinese Ghost Story[可播放],两张绝世的脸。 
2013 / 韩国 / 剧情 犯罪 悬疑,287915人评价,8.7,恐怖直播 / 더 테러 라이브 / 死亡“动”新闻(港)  /  恐怖攻击直播(台)[可播放],恐怖分子的“秋菊打官司”。
1984 / 日本 / 动画 奇幻 冒险,211331人评价,8.8,风之谷 / 風の谷のナウシカ / 风谷少女  /  Kaze no tani no Naushika,动画片的圣经。
2011 / 美国 / 剧情,217065人评价,8.8,超脱 / Detachment / 人间师格(台)[可播放],穷尽一生，我们要学会的，不过是彼此拥抱。
2004 / 美国 / 剧情 爱情,240336人评价,8.8,爱在日落黄昏时 / Before Sunset / 日落巴黎(港)  /  爱在日落巴黎时(台)[可播放],九年后的重逢是世俗和责任的交叠，没了悸动和青涩，沧桑而温暖。
2006 / 日本 / 动画 悬疑 科幻 惊悚,170631人评价,8.9,红辣椒 / パプリカ / 盗梦侦探  /  帕布莉卡,梦的勾结。
1999 / 日本 / 剧情 喜剧,232418人评价,8.8,菊次郎的夏天 / 菊次郎の夏 / Kikujirô no natsu  /  菊次郎的夏天[可播放],从没见过那么流氓的温柔，从没见过那么温柔的流氓。
2010 / 美国 / 喜剧 动画 奇幻 冒险,351816人评价,8.7,驯龙高手 / How to Train Your Dragon / 驯龙记(港)[可播放],和谐的生活离不开摸头与被摸头。
2004 / 美国 / 喜剧 剧情 爱情,268611人评价,8.7,幸福终点站 / The Terminal / 机场客运站(港)  /  航站情缘(台)[可播放],有时候幸福需要等一等。 
2010 / 美国 法国 / 喜剧 动画 冒险,474323人评价,8.5,神偷奶爸 / Despicable Me / 卑鄙的我  /  坏蛋奖门人(港)[可播放],Mr. I Don't Care其实也有Care的时候。
2003 / 韩国 / 犯罪 剧情 悬疑 惊悚,252927人评价,8.7,杀人回忆 / 살인의 추억 / 谋杀回忆  /  杀手回忆录,关于连环杀人悬案的集体回忆。
2010 / 日本 / 动画 奇幻 冒险,261046人评价,8.7,借东西的小人阿莉埃蒂 / 借りぐらしのアリエッティ / 借物少女艾莉缇(台)  /  借东西的小矮人亚莉亚蒂(港),曾经的那段美好会沉淀为一辈子的记忆。
2017 / 意大利 法国 巴西 美国 / 剧情 爱情 同性,243533人评价,8.8,请以你的名字呼唤我 / Call Me by Your Name / 以你的名字呼唤我(港 / 台) ,沉醉在电影的情感和视听氛围中无法自拔。
1954 / 日本 / 动作 冒险 剧情,94673人评价,9.2,七武士 / 七人の侍 / 七侠四义(港)  /  The Seven Samurai[可播放],时代悲歌。
2011 / 美国 英国 / 剧情 悬疑 奇幻 冒险,339957人评价,8.7,哈利·波特与死亡圣器(下) / Harry Potter and the Deathly Hallows: Part 2 / 哈利波特7：死神的圣物2(港 / 台) [可播放],10年的完美句点。
2010 / 香港 中国大陆 / 剧情 家庭,353573人评价,8.6,岁月神偷 / 歲月神偷 / 1969太空漫游  /  Echoes Of The Rainbow,岁月流逝，来日可追。
2015 / 日本 / 剧情,155217人评价,9.0,小森林 冬春篇 / リトル・フォレスト 冬・春 / 小森食光 / 冬春篇(台) [可播放],尊敬他人，尊敬你生活的这片土地，明白孤独是人生的常态。
2001 / 美国 / 儿童 喜剧 动画 奇幻 冒险,302295人评价,8.6,"怪兽电力公司 / Monsters, Inc. / 怪兽公司(港)  /  怪物公司[可播放]",不要给它起名字，起了名字就有感情了。
1988 / 日本 / 动画 剧情 战争,239265人评价,8.7,萤火虫之墓 / 火垂るの墓 / 再见萤火虫(港)  /  萤火挽歌,幸福是生生不息，却难以触及的远。 
2007 / 美国 德国 / 动作 悬疑 惊悚,218079人评价,8.7,谍影重重3 / The Bourne Ultimatum / 叛谍追击3：最后通牒(港)  /  神鬼认证：最后通牒 (台)[可播放],像吃了苏打饼一样干脆的电影。
2004 / 美国 / 悬疑 惊悚 恐怖,237836人评价,8.7,电锯惊魂 / Saw / 夺魂锯(台)  /  恐惧斗室(港),真相就在眼前。
2013 / 韩国 / 剧情 喜剧 家庭,222252人评价,8.7,7号房的礼物 / 7번방의 선물 / 戆爸的礼物(港)  /  7号囚房的礼物,《我是山姆》的《美丽人生》。
1994 / 香港 台湾 / 剧情 动作 爱情 武侠 古装,307451人评价,8.6,东邪西毒 / 東邪西毒 / Ashes of Time[可播放],电影诗。
1993 / 台湾 美国 / 剧情 喜剧 爱情 同性 家庭,168554人评价,8.8,喜宴 / 囍宴 / The Wedding Banquet,中国家庭的喜怒哀乐忍。
2013 / 美国 / 喜剧 动画 冒险,442211人评价,8.7,疯狂原始人 / The Croods / 古鲁家族(港 / 台) [可播放],老少皆宜，这就是好莱坞动画的魅力。
2008 / 英国 美国 / 剧情 爱情,448459人评价,8.5,贫民窟的百万富翁 / Slumdog Millionaire / 贫民百万富翁(台)  /  一百万零一夜(港),上帝之城+猜火车+阿甘正传+开心辞典=山寨富翁
2011 / 日本 / 剧情 爱情 动画 奇幻,205060人评价,8.8,萤火之森 / 蛍火の杜へ / 萤火之社  /  Hotarubi no mori e[可播放],触不到的恋人。
2000 / 美国 / 犯罪 剧情 悬疑 惊悚,329230人评价,8.6,记忆碎片 / Memento / 失忆  /  记忆拼图(台)[可播放],一个针管引发的血案。
2010 / 美国 / 剧情 惊悚,486629人评价,8.5,黑天鹅 / Black Swan / 夺命黑天鹅  /  霸王别鹅(豆友译名)[可播放],黑暗之美。
2003 / 英国 美国 法国 / 喜剧 剧情 爱情,363807人评价,8.5,真爱至上 / Love Actually / 爱是您，爱是我(台)  /  真的恋爱了(港)[可播放],爱，是个动词。
1986 / 香港 / 动作 犯罪,220233人评价,8.6,英雄本色 / A Better Tomorrow  /  Gangland Boss[可播放],英雄泪短，兄弟情长。 
2014 / 美国 / 喜剧 动作 科幻 动画 冒险,462268人评价,8.6,超能陆战队 / Big Hero 6 / 大英雄联盟(港)  /  大英雄天团(台)[可播放],Balalala~~~
1993 / 香港 / 喜剧 爱情 古装,430479人评价,8.5,唐伯虎点秋香 / 唐伯虎點秋香 / Flirting Scholar[可播放],华太师是黄霑，吴镇宇四大才子之一。
2012 / 美国 英国 / 剧情 动作 科幻 犯罪 惊悚,351825人评价,8.6,蝙蝠侠：黑暗骑士崛起 / The Dark Knight Rises / 蝙蝠侠前传3：黑暗骑士崛起  /  黑暗骑士：黎明升起(台)[可播放],诺兰就是保证。
1988 / 美国 / 剧情,237959人评价,8.7,雨人 / Rain Man / 手足情未了  /  手足情深[可播放],生活在自己的世界里，也可以让周围的人显得可笑和渺小。
2014 / 中国大陆 / 剧情 犯罪 悬疑,228423人评价,8.7,心迷宫 / 殡棺  /  The Coffin in the Mountain[可播放],荒诞讽刺，千奇百巧，抽丝剥茧，百转千回。
2004 / 英国 南非 意大利 美国 / 剧情 历史 战争,143149人评价,8.9,卢旺达饭店 / Hotel Rwanda / 卢安达饭店(台)[可播放],当这个世界闭上双眼，他却敞开了怀抱。
2005 / 法国 英国 美国 / 剧情 爱情,365218人评价,8.5,傲慢与偏见 / Pride & Prejudice / 傲慢与偏见2005  /  Pride And Prejudice[可播放],爱是摈弃傲慢与偏见之后的曙光。
2014 / 阿根廷 西班牙 / 剧情 喜剧 犯罪,183148人评价,8.8,荒蛮故事 / Relatos salvajes / 蛮荒故事  /  生命中最抓狂的小事(台)[可播放],始于荒诞，止于更荒诞。
2009 / 法国 瑞士 西班牙 美国 阿联酋 / 纪录片,108032人评价,9.0,海洋 / Océans / Oceans  /  海洋,大海啊，不全是水。
1991 / 香港 / 剧情 喜剧 动作 犯罪,185848人评价,8.7,纵横四海 / 緃横四海 / Once a Thief[可播放],香港浪漫主义警匪动作片的巅峰之作。
2004 / 日本 / 剧情,95907人评价,9.1,无人知晓 / 誰も知らない / 谁知赤子心(港)  /  无人知晓的夏日清晨(台)[可播放],我的平常生活就是他人的幸福。
2016 / 美国 / 剧情 家庭,250268人评价,8.6,海边的曼彻斯特 / Manchester by the Sea / 情系海边之城(港)  /  海曼[可播放],我们都有权利不与自己的过去和解。
2013 / 英国 / 剧情 爱情 奇幻,251101人评价,8.7,时空恋旅人 / About Time / 时空旅恋人  /  回到最爱的一天(港)[可播放],把每天当作最后一天般珍惜度过，积极拥抱生活，就是幸福。
1990 / 美国 / 剧情 犯罪,159807人评价,8.8,教父3 / The Godfather: Part III / 教父第三集  /  教父 III[可播放],任何信念的力量，都无法改变命运。
1966 / 法国 英国 / 喜剧 战争,123733人评价,8.9,虎口脱险 / La grande vadrouille / 横冲直撞出重围(港)  /  大進擊(台)[可播放],永远看不腻的喜剧。
2010 / 美国 / 喜剧 动画 奇幻 冒险,228828人评价,8.8,玩具总动员3 / Toy Story 3 / 反斗奇兵3(港)  /  玩具的故事3[可播放],跨度十五年的欢乐与泪水。
1993 / 美国 / 剧情 犯罪,100220人评价,9.0,完美的世界 / A Perfect World / 强盗保镳[可播放],坏人的好总是比好人的好来得更感人。
2000 / 香港 / 剧情 爱情,292711人评价,8.6,花样年华 / 花樣年華 / In the Mood for Love[可播放],偷情本没有这样美。
2013 / 美国 / 剧情 传记 同性,225982人评价,8.7,达拉斯买家俱乐部 / Dallas Buyers Club / 续命枭雄(港)  /  药命俱乐部(台)[可播放],Jared Leto的腿比女人还美！
2004 / 美国 / 剧情 爱情,336107人评价,8.5,恋恋笔记本 / The Notebook / 深情日记  /  写我情真[可播放],爱情没有那么多借口，如果不能圆满，只能说明爱的不够。 
2016 / 美国 澳大利亚 / 剧情 传记 历史 战争,393975人评价,8.7,血战钢锯岭 / Hacksaw Ridge / 钢锯岭  /  钢铁英雄(台)[可播放],优秀的战争片不会美化战场，不会粉饰死亡，不会矮化敌人，不会无视常识，最重要的，不会宣扬战争。
1994 / 美国 / 剧情 爱情 西部 家庭,167057人评价,8.7,燃情岁月 / Legends of the Fall / 秋日传奇  /  真爱一世情(台)[可播放],传奇，不是每个人都可以拥有。
2015 / 中国大陆 / 纪录片,135240人评价,8.7,二十二 / Twenty Two  /  22[可播放],有一些东西不应该被遗忘。
1952 / 美国 / 喜剧 歌舞 爱情,108034人评价,9.0,雨中曲 / Singin' in the Rain / 雨中情  /  万花嬉春[可播放],骨灰级歌舞片。
1940 / 美国 / 剧情 战争 爱情,148056人评价,8.8,魂断蓝桥 / Waterloo Bridge / 滑铁卢桥  /  断桥残梦[可播放],中国式内在的美国电影。
2006 / 日本 / 剧情 爱情 科幻 动画,216051人评价,8.6,穿越时空的少女 / 時をかける少女 / 跳跃吧！时空少女(台)  /  Toki o kakeru shôjo[可播放],爱上未来的你。 
2002 / 美国 / 喜剧 动画 冒险,325251人评价,8.5,冰川时代 / Ice Age / 冰河世纪  /  冰原历险记[可播放],松鼠才是角儿。
2001 / 美国 / 剧情 家庭,127121人评价,8.8,我是山姆 / I Am Sam / 不一样的爸爸(港)  /  他不笨，他是我爸爸(台)[可播放],爱并不需要智商 。
1996 / 英国 / 犯罪 剧情,280438人评价,8.5,猜火车 / Trainspotting / 迷幻列车(港)  /  定位的火车[可播放],不可猜的青春迷笛。 
2001 / 美国 / 冒险 剧情 科幻,224710人评价,8.6,人工智能 / Artificial Intelligence: AI / AI人工智慧[可播放],对爱的执着，可以超越一切。
2015 / 美国 / 喜剧 动画 冒险,283267人评价,8.7,头脑特工队 / Inside Out / 玩转脑朋友(港)  /  脑筋急转弯(台)[可播放],愿我们都不用长大，每一座城堡都能永远存在。
2012 / 美国 / 剧情 动作 西部 冒险,304917人评价,8.6,被解救的姜戈 / Django Unchained / 被解放的姜戈  /  决杀令(台)[可播放],热血沸腾，那个低俗、性感的无耻混蛋又来了。
2014 / 美国 / 剧情 音乐,281079人评价,8.6,爆裂鼓手 / Whiplash / 鼓动真我(港)  /  进击的鼓手(台),这个世界从不善待努力的人，努力了也不一定会成功，但是知道自己在努力，就是活下去的动力。
1997 / 日本 / 动画 奇幻 惊悚,121149人评价,8.9,未麻的部屋 / Perfect Blue / 蓝色的恐惧  /  蓝色恐惧,好的剧本是，就算你猜到了结局也猜不到全部。
1950 / 日本 / 犯罪 剧情 悬疑,151264人评价,8.7,罗生门 / 羅生門 / Rashomon[可播放],人生的N种可能性。
2016 / 日本 / 剧情 爱情 动画,603178人评价,8.4,你的名字。 / 君の名は。 / 你的名字  /  君之名[可播放],穿越错位的时空，仰望陨落的星辰，你没留下你的名字，我却无法忘记那句“我爱你”。
2008 / 德国 / 剧情 惊悚,154291人评价,8.7,浪潮 / Die Welle / 恶魔教室(台)  /  白恤暴潮(港),世界离独裁只有五天。
2012 / 美国 / 喜剧 动画 奇幻 冒险,244107人评价,8.7,无敌破坏王 / Wreck-It Ralph / 破坏王拉尔夫  /  破坏王大冒险[可播放],迪士尼和皮克斯拿错剧本的产物。
2006 / 德国 法国 西班牙 美国 / 剧情 犯罪 奇幻,320273人评价,8.4,香水 / Perfume: The Story of a Murderer / 香水：一个杀人犯的故事  /  香水：一个谋杀犯的故事[可播放],一个单凭体香达到高潮的男人。
1990 / 香港 / 犯罪 剧情 爱情,250525人评价,8.5,阿飞正传 / 阿飛正傳 / Days of Being Wild[可播放],王家卫是一种风格，张国荣是一个代表。
2008 / 美国 德国 / 剧情 爱情,307917人评价,8.5,朗读者 / The Reader / 为爱朗读(台)  /  读爱(港),当爱情跨越年龄的界限，它似乎能变得更久远一点，成为一种责任，一种水到渠成的相濡以沫。 
2015 / 爱尔兰 加拿大 英国 美国 / 剧情 家庭,192037人评价,8.8,房间 / Room / 不存在的房间(台)  /  抖室(港)[可播放],被偷走的岁月，被伤害的生命，被禁锢的灵魂，终将被希望和善意救赎。
2009 / 英国 澳大利亚 / 剧情 悬疑 惊悚,389274人评价,8.4,恐怖游轮 / Triangle / 汪洋血迷宮(台)  /  轮回三角,不要企图在重复中寻找已经失去的爱。
2014 / 英国 美国 / 剧情 传记 战争 同性,305484人评价,8.6,模仿游戏 / The Imitation Game / 解码游戏(港)  /  模拟游戏[可播放],他给机器起名“克里斯托弗”，因为这是他初恋的名字。
2004 / 中国大陆 香港 / 剧情 犯罪,151532人评价,8.7,可可西里 / Kekexili: Mountain Patrol[可播放],坚硬的信仰。
2015 / 瑞典 / 剧情,156508人评价,8.8,一个叫欧维的男人决定去死 / En man som heter Ove / 明天别再来敲门(台)  /  想死冇咁易(港)[可播放],惠及一生的美丽。
1987 / 日本 / 剧情,77117人评价,9.1,忠犬八公物语 / ハチ公物語 / 八千公物语  /  阿八的故事[可播放],养狗三日，便会对你终其一生。
1989 / 日本 / 动画 奇幻 冒险,233433人评价,8.5,魔女宅急便 / 魔女の宅急便 / 魔女琪琪(台)  /  小魔女限时专送,宫崎骏的电影总让人感觉世界是美好的，阳光明媚的。
2011 / 伊朗 法国 / 剧情 家庭,151914人评价,8.7,一次别离 / جدایی نادر از سیمین / 分居风暴(台)  /  伊朗式分居(港)[可播放],只有有信仰的人才能说出事实真相。
2005 / 美国 法国 / 剧情 犯罪,198938人评价,8.6,战争之王 / Lord of War / 军火之王(台 / 港) ,做一颗让别人需要你的棋子。
1979 / 中国大陆 / 冒险 动画 奇幻,100347人评价,8.9,哪吒闹海 / Prince Nezha's Triumph Against Dragon King  /  Nezha nao hai[可播放],想你时你在闹海。
2016 / 意大利 / 剧情 喜剧,257703人评价,8.6,完美陌生人 / Perfetti sconosciuti / 完美谎情(港)  /  波动的信息分享[可播放],来啊，互相伤害啊！
2002 / 美国 德国 捷克 / 动作 悬疑 惊悚,226658人评价,8.5,谍影重重 / The Bourne Identity / 叛谍追击(港)  /  神鬼认证(台)[可播放],哗啦啦啦啦，天在下雨，哗啦啦啦啦，云在哭泣……找自己。
1998 / 英国 / 犯罪 悬疑 惊悚,95080人评价,8.9,追随 / Following / 跟踪(台)  /  致命追踪,诺兰的牛逼来源于内心散发出的恐惧。
1991 / 台湾 / 剧情 犯罪,127558人评价,8.8,牯岭街少年杀人事件 / 牯嶺街少年殺人事件 / A Brighter Summer Day,弱者送给弱者的一刀。
2007 / 印度 / 剧情 儿童 家庭,101480人评价,8.9,地球上的星星 / Taare Zameen Par / 心中的小星星(台)  /  每一个孩子都是特别的,天使保护事件始末。
2004 / 美国 德国 / 动作 悬疑 惊悚,188757人评价,8.6,谍影重重2 / The Bourne Supremacy / 叛谍追击2：机密圈套(港)  /  神鬼认证：神鬼疑云(台)[可播放],谁说王家卫镜头很晃？
2004 / 美国 德国 / 犯罪 剧情,197843人评价,8.6,撞车 / Crash / 冲击效应  /  冲撞[可播放],天使与魔鬼的冲撞。
2003 / 美国 澳大利亚 / 动作 科幻,187560人评价,8.6,黑客帝国3：矩阵革命 / The Matrix Revolutions / 骇客任务完结篇：最后战役  /  廿二世纪杀人网络3：惊变世纪[可播放],不得不说，《黑客帝国》系列是商业片与科幻、哲学完美结合的典范。
1960 / 美国 / 悬疑 惊悚 恐怖,101391人评价,8.9,惊魂记 / Psycho / 精神病患者  /  触目惊心[可播放],故事的反转与反转，分裂电影的始祖。
1993 / 香港 / 剧情 奇幻 古装,264082人评价,8.5,青蛇 / Green Snake,人生如此，浮生如斯。谁人言，花彼岸，此生情长意短。谁都是不懂爱的罢了。
2000 / 美国 / 剧情,128994人评价,8.7,梦之安魂曲 / Requiem for a Dream / 噩梦挽歌(台)  /  迷上瘾(港)[可播放],一场没有春天的噩梦。
2015 / 日本 / 剧情 家庭,171036人评价,8.7,海街日记 / 海街diary / 海街女孩日记(港)  /  Kamakura Diary[可播放],是枝裕和的家庭习作。
2015 / 印度 / 剧情 喜剧 动作,212477人评价,8.5,小萝莉的猴神大叔 / Bajrangi Bhaijaan / 娃娃返乡任务(台)  /  宝莱坞之钢铁奶爸(台)[可播放],宝莱坞的萝莉与大叔。
2013 / 美国 / 喜剧 爱情 音乐,207840人评价,8.5,再次出发之纽约遇见你 / Begin Again / 再次出发  /  歌曲改变人生[可播放],爱我就给我看你的播放列表。
1992 / 香港 中国大陆 / 剧情 动作 武侠 古装,220569人评价,8.5,新龙门客栈 / 新龍門客棧 / New Dragon Gate Inn[可播放],嬉笑怒骂，调风动月。
2008 / 日本 / 剧情 家庭,109343人评价,8.8,步履不停 / 歩いても 歩いても / 横山家之味(港)  /  步伐不停[可播放],日本的家庭电影已经是世界巅峰了，步履不停是巅峰中的佳作。
2011 / 美国 加拿大 / 科幻 悬疑 惊悚,463481人评价,8.4,源代码 / Source Code / 启动原始码(台)  /  危机解密(港),邓肯·琼斯继《月球》之后再度奉献出一部精彩绝伦的科幻佳作。
1953 / 日本 / 剧情 家庭,61744人评价,9.2,东京物语 / 東京物語 / 东京故事  /  Tokyo Story[可播放],东京那么大，如果有一天走失了，恐怕一辈子不能再相见。
1991 / 美国 法国 / 动作 科幻,166783人评价,8.6,终结者2：审判日 / Terminator 2: Judgment Day / 终结者2  /  终结者2：末日审判[可播放],少见的超越首部的续集，动作片中的经典。
2010 / 泰国 / 剧情 喜剧 爱情,541143人评价,8.3,初恋这件小事 / สิ่งเล็กเล็กที่เรียกว่า...รัก / 初恋那件小事(港)  /  暗恋那点小事[可播放],黑小鸭速效美白记。
2006 / 中国大陆 香港 / 喜剧 犯罪,377506人评价,8.3,疯狂的石头 / Crazy Stone,中国版《两杆大烟枪》。
1931 / 美国 / 喜剧 剧情 爱情,54585人评价,9.2,城市之光 / City Lights / City Lights: A Comedy Romance in Pantomime  /  Lichter der Großstadt[可播放],永远的小人物，伟大的卓别林。
1999 / 美国 / 犯罪 剧情 奇幻 悬疑,125119人评价,8.7,绿里奇迹 / The Green Mile / 绿色奇迹(台)  /  绿色英里[可播放],天使暂时离开。
2013 / 美国 / 剧情 爱情,139664人评价,8.8,爱在午夜降临前 / Before Midnight / 爱在午夜希腊时(台)  /  情约半生(港)[可播放],所谓爱情，就是话唠一路，都不会心生腻烦，彼此嫌弃。
2009 / 美国 德国 / 剧情 犯罪,256953人评价,8.5,无耻混蛋 / Inglourious Basterds / 恶棍特工(台)  /  希魔撞正杀人狂(港)[可播放],昆汀同学越来越变态了，比北野武还杜琪峰。
1991 / 美国 法国 / 犯罪 剧情 惊悚,121377人评价,8.7,末路狂花 / Thelma & Louise / 塞尔玛与路易丝  /  末路狂花,没有了退路，只好飞向自由。
2007 / 日本 / 动画 剧情 爱情,355445人评价,8.3,秒速5厘米 / 秒速5センチメートル / 秒速五厘米  /  秒速5公分[可播放],青春就是放弃和怀念。
2007 / 美国 / 剧情 科幻,212884人评价,8.5,这个男人来自地球 / The Man from Earth / 地球不死人(港)  /  这个人来自洞穴[可播放],科幻真正的魅力不是视觉效果能取代的。 
1996 / 美国 / 动作 冒险,161913人评价,8.6,勇闯夺命岛 / The Rock / 石破天惊  /  绝地任务[可播放],类型片的极致。 
1982 / 美国 / 剧情 科幻,181131人评价,8.5,E.T. 外星人 / E.T.: The Extra-Terrestrial / 外星人E.T.  /  外星人[可播放],生病的E.T.皮肤的颜色就像柿子饼。
1997 / 美国 / 动作 科幻 犯罪 惊悚,243619人评价,8.4,变脸 / Face/Off / 夺面双雄[可播放],当发哥的风衣、墨镜出现在了凯奇身上⋯⋯
1988 / 法国 美国 意大利 / 剧情 爱情,115911人评价,8.7,碧海蓝天 / Le grand bleu / 碧海情深  /  夜海倾情,在那片深蓝中，感受来自大海的忧伤寂寞与美丽自由。
2013 / 美国 英国 / 科幻 悬疑 惊悚,224184人评价,8.4,彗星来的那一夜 / Coherence / 相干性  /  相干效应[可播放],小成本大魅力。
1942 / 美国 / 剧情 爱情 战争,142380人评价,8.6,卡萨布兰卡 / Casablanca / 北非谍影(港)  /  卡萨布兰卡[可播放],世界上有那么多女人那么多酒馆，但她偏偏走进我的这家。
1966 / 意大利 西班牙 西德 / 冒险 西部,61093人评价,9.1,"黄金三镖客 / Il buono, il brutto, il cattivo. / 好·坏·丑  /  独行侠决斗地狱门(港)[可播放]",最棒的西部片。
1971 / 英国 美国 / 犯罪 剧情 科幻,210340人评价,8.5,发条橙 / A Clockwork Orange / 发条桔子  /  发条橙子,我完全康复了。
2015 / 美国 / 剧情 传记,150891人评价,8.8,聚焦 / Spotlight / 焦点追击(港)  /  惊爆焦点(台)[可播放],新闻人的理性求真。
2006 / 美国 德国 / 剧情 惊悚 冒险,160124人评价,8.6,血钻 / Blood Diamond / 血腥钻石  /  滴血钻石[可播放],每个美丽事物背后都是滴血的现实。
1999 / 美国 / 剧情 爱情 家庭,211434人评价,8.5,美国丽人 / American Beauty / 美丽有罪(港)  /  美国心·玫瑰情(台)[可播放],每个人的内心都是深不可测的大海。 
2009 / 英国 德国 法国 / 剧情 喜剧 音乐,181801人评价,8.6,海盗电台 / The Boat That Rocked / 出位乐人谷(港)  /  海盗电波[可播放],生命不止，摇滚不死。
2010 / 英国 澳大利亚 美国 / 剧情 传记 历史,388650人评价,8.3,国王的演讲 / The King's Speech / 皇上无话儿(港)  /  王者之声：宣战时刻(台)[可播放],皇上无话儿。
1995 / 德国 美国 / 剧情 犯罪 悬疑 惊悚,138408人评价,8.6,非常嫌疑犯 / The Usual Suspects / 刺激惊爆点(台)  /  普通嫌疑犯[可播放],我不信仰上帝，但我敬畏上帝。
2007 / 美国 / 冒险 传记 剧情,145627人评价,8.6,荒野生存 / Into the Wild / 浪荡天涯(港)  /  阿拉斯加之死(台)[可播放],出门必备：本草纲目。
2001 / 美国 / 动作 历史 战争,140319人评价,8.6,黑鹰坠落 / Black Hawk Down / 黑鹰降落  /  黑鹰计划[可播放],还原真实而残酷的战争。
2011 / 韩国 / 剧情 爱情,70317人评价,9.0,我爱你 / 그대를 사랑합니다 / 爱你  /  爱，是一生相伴(台)[可播放],你要相信，这世上真的有爱存在，不管在什么年纪 
1996 / 美国 英国 / 爱情 剧情 战争,193338人评价,8.5,英国病人 / The English Patient / 英伦情人(台)  /  别问我是谁(港)[可播放],"In memory, love lives forever..."
1997 / 美国 / 剧情 科幻 惊悚,106968人评价,8.7,千钧一发 / Gattaca / 变种异煞  /  自然人[可播放],一部能引人思考的科幻励志片。
2007 / 美国 / 冒险 喜剧 剧情,155732人评价,8.5,遗愿清单 / The Bucket List / 玩转身前事(港)  /  一路玩到挂(台)[可播放],用剩余不多的时间，去燃烧整个生命。
1968 / 英国 美国 / 科幻 惊悚 冒险,114837人评价,8.7,2001太空漫游 / 2001: A Space Odyssey / 2001：星际漫游  /  2001：太空奥德赛[可播放],现代科幻电影的开山之作，最伟大导演的最伟大影片。
2000 / 美国 / 冒险 剧情,159143人评价,8.5,荒岛余生 / Cast Away / 浩劫重生(台)  /  劫后重生(港)[可播放],一个人的独角戏。
2001 / 法国 德国 意大利 西班牙 瑞士 / 纪录片,56845人评价,9.1,迁徙的鸟 / Le peuple migrateur / 鸟的迁徙  /  鸟与梦飞行[可播放],最美的飞翔。
2011 / 美国 / 剧情 运动 家庭,97951人评价,8.9,勇士 / Warrior / 勇者无敌(台)  /  钢铁斗士(港)[可播放],热血沸腾，相当完美的娱乐拳击大餐。
1999 / 香港 / 剧情 动作 犯罪,115833人评价,8.7,枪火 / 鎗火 / The Mission,一群演技精湛的戏骨，奉献出一个精致的黑帮小品，成就杜琪峰群戏的巅峰之作。
1996 / 日本 / 犯罪 剧情,116772人评价,8.6,燕尾蝶 / スワロウテイル / Swallowtail Butterfly  /  Suwarôteiru,现实与童话交相辉映的旅程。
2008 / 美国 / 剧情 传记,122166人评价,8.6,叫我第一名 / Front of the Class / 站在教室前  /  讲台前的我,乐观比一切都有力量。
2015 / 德国 瑞士 南非 / 剧情 冒险 家庭,66023人评价,9.0,海蒂和爷爷 / Heidi / 飘零燕(港)  /  海蒂[可播放],
2001 / 法国 美国 / 剧情 悬疑 惊悚,265065人评价,8.3,穆赫兰道 / Mulholland Dr. / 穆荷兰大道(台)  /  失忆大道(港),大卫·林奇的梦境迷宫。
2003 / 美国 德国 英国 / 剧情 犯罪 悬疑,113043人评价,8.6,大卫·戈尔的一生 / The Life of David Gale / 铁案悬谜  /  命悬一线[可播放],捍卫人权只是信仰，一点不妨碍其行为的残忍。
